{
  "gelman_rubin": {
    "beta": 3.0797664730339194,
    "sigma_c": 3.6947115073913683,
    "h": 2.952975356880385,
    "sigma_l": 3.7630456402854913,
    "alpha": 3.6359851314161906,
    "delta": 3.7115027564907517,
    "epsilon_p": 1.7057856881512565,
    "xi_p": 2.986477847505408,
    "iota_p": 3.54837697338887,
    "epsilon_w": 4.29594564486151,
    "xi_w": 2.126370188460135,
    "iota_w": 3.680242624700959,
    "rho_r": 2.3933001607346576,
    "phi_pi": 3.3905468655278734,
    "phi_y": 3.753319566774007,
    "phi_dy": 4.145444776827196,
    "pi_bar": 3.714557208898366,
    "r_bar": 2.844854924896617,
    "technology_rho": 4.269954877015524,
    "preference_rho": 3.1355169875580597,
    "investment_rho": 2.4295100412313655,
    "government_rho": 3.9734747597713582,
    "monetary_rho": 3.377824860688391,
    "price_markup_rho": 3.798329399590387,
    "wage_markup_rho": 3.3701562041756223,
    "technology_sigma": 4.083425081919845,
    "preference_sigma": 3.0319886594625993,
    "investment_sigma": 3.8589472980729305,
    "government_sigma": 1.8587854084613684,
    "monetary_sigma": 4.0701258106353215,
    "price_markup_sigma": 2.223136109335094,
    "wage_markup_sigma": 2.1517356316898697
  },
  "effective_sample_size": {
    "beta": 100.85376431608803,
    "sigma_c": 100.52444714857097,
    "h": 100.74574646122804,
    "sigma_l": 100.4741916195012,
    "alpha": 100.54685059002487,
    "delta": 100.32837267404943,
    "epsilon_p": 101.9571879471896,
    "xi_p": 100.99462627929867,
    "iota_p": 100.26080350822929,
    "epsilon_w": 100.34814048323618,
    "xi_w": 100.87568147327559,
    "iota_w": 100.37015947230806,
    "rho_r": 101.63231208841351,
    "phi_pi": 100.3162412865395,
    "phi_y": 100.54421481583637,
    "phi_dy": 100.34319806596527,
    "pi_bar": 100.40702963034688,
    "r_bar": 100.83843449461054,
    "technology_rho": 100.27733266290586,
    "preference_rho": 100.45861628097276,
    "investment_rho": 101.89465163621212,
    "government_rho": 100.37708627343602,
    "monetary_rho": 100.45296289418664,
    "price_markup_rho": 100.40334607969069,
    "wage_markup_rho": 100.43221839931041,
    "technology_sigma": 100.25391464945787,
    "preference_sigma": 100.75121793284005,
    "investment_sigma": 100.32176210248257,
    "government_sigma": 101.88910269888726,
    "monetary_sigma": 100.38140922890248,
    "price_markup_sigma": 101.13698354659022,
    "wage_markup_sigma": 101.66934429142192
  },
  "geweke": {
    "beta": -295.54554431222977,
    "sigma_c": 92.79464730923173,
    "h": 257.7968181970245,
    "sigma_l": -70.61803516141931,
    "alpha": 52.49404111307341,
    "delta": 50.85417876632587,
    "epsilon_p": -171.27514746412916,
    "xi_p": -73.94581572731484,
    "iota_p": 21.277491162344262,
    "epsilon_w": -77.08193984589506,
    "xi_w": -44.32595829963639,
    "iota_w": -135.04460869957964,
    "rho_r": -67.77315945596307,
    "phi_pi": -54.71833416264248,
    "phi_y": -63.80268525699052,
    "phi_dy": -150.22856993611936,
    "pi_bar": 293.93791788315247,
    "r_bar": 116.04390439652732,
    "technology_rho": 220.4171912816142,
    "preference_rho": -29.970123448014316,
    "investment_rho": 109.85729243100579,
    "government_rho": 76.83041029531103,
    "monetary_rho": 46.97080293620831,
    "price_markup_rho": 225.07501709475562,
    "wage_markup_rho": 85.03610499920197,
    "technology_sigma": -50.35973903697356,
    "preference_sigma": 188.47118207896085,
    "investment_sigma": -164.8342646580644,
    "government_sigma": 23.415461691680488,
    "monetary_sigma": 44.55030925131407,
    "price_markup_sigma": 193.82164846397768,
    "wage_markup_sigma": 45.29738526261392
  }
}