{
  "gelman_rubin": {
    "beta": 4.9347812470445005,
    "sigma_c": 4.189300850297119,
    "h": 3.7657800300192954,
    "sigma_l": 4.99492220716998,
    "alpha": 5.733152008903158,
    "delta": 2.5133535663262734,
    "epsilon_p": 6.12484475348236,
    "xi_p": 3.668305101855723,
    "iota_p": 5.089631965204733,
    "epsilon_w": 4.8020796984720775,
    "xi_w": 4.521872355684801,
    "iota_w": 5.191826247435297,
    "rho_r": 5.287644198748437,
    "phi_pi": 2.539603398878962,
    "phi_y": 5.632283699866689,
    "phi_dy": 4.732532019189351,
    "pi_bar": 5.72347656377826,
    "r_bar": 4.627761415599678,
    "technology_rho": 5.540025637169127,
    "preference_rho": 5.432167771616904,
    "investment_rho": 5.008723352637206,
    "government_rho": 4.347761997909516,
    "monetary_rho": 5.2775726085660075,
    "price_markup_rho": 2.6001688249318584,
    "wage_markup_rho": 5.260547235250923,
    "technology_sigma": 3.5795531146437334,
    "preference_sigma": 3.0552718721301493,
    "investment_sigma": 5.869378435966154,
    "government_sigma": 6.966396641473274,
    "monetary_sigma": 5.175140772565142,
    "price_markup_sigma": 5.515449361945168,
    "wage_markup_sigma": 5.424196096925373
  },
  "effective_sample_size": {
    "beta": 100.46337155865903,
    "sigma_c": 100.51513760315966,
    "h": 101.31237540609905,
    "sigma_l": 100.44871463998442,
    "alpha": 100.4613814205986,
    "delta": 100.64490134794801,
    "epsilon_p": 100.44487274202093,
    "xi_p": 100.67699482156087,
    "iota_p": 101.4666009811411,
    "epsilon_w": 100.25940324265869,
    "xi_w": 100.47546310759758,
    "iota_w": 100.46143633651903,
    "rho_r": 100.55976293819678,
    "phi_pi": 101.40544264573073,
    "phi_y": 100.58577451154675,
    "phi_dy": 100.3367824126328,
    "pi_bar": 100.52986828673866,
    "r_bar": 100.83182872959725,
    "technology_rho": 100.30448153090603,
    "preference_rho": 100.38681992095816,
    "investment_rho": 100.54530652275069,
    "government_rho": 100.57517520086246,
    "monetary_rho": 100.65494052748512,
    "price_markup_rho": 101.09967385985429,
    "wage_markup_rho": 100.48753423448197,
    "technology_sigma": 100.72663044148852,
    "preference_sigma": 100.73804002372545,
    "investment_sigma": 100.46556092664028,
    "government_sigma": 100.60370702696984,
    "monetary_sigma": 100.55222288682751,
    "price_markup_sigma": 100.40818781109819,
    "wage_markup_sigma": 100.46234371377281
  },
  "geweke": {
    "beta": -101.40864741763806,
    "sigma_c": 57.30552409468161,
    "h": 220.38406754932393,
    "sigma_l": -108.14462285255142,
    "alpha": 99.74460648358247,
    "delta": 40.59014025468316,
    "epsilon_p": 97.96284074715821,
    "xi_p": -77.42856247458354,
    "iota_p": -185.38055261460582,
    "epsilon_w": -407.46728148411836,
    "xi_w": -67.83112064491205,
    "iota_w": 86.43810009779921,
    "rho_r": -94.04095315640156,
    "phi_pi": 61.9393530471805,
    "phi_y": -116.4832577364169,
    "phi_dy": -81.77997090479315,
    "pi_bar": 80.21205237045702,
    "r_bar": -86.6110347149403,
    "technology_rho": -193.41102589052568,
    "preference_rho": 87.38762899692124,
    "investment_rho": 148.72849487794474,
    "government_rho": -65.9620303205992,
    "monetary_rho": -78.71081906585924,
    "price_markup_rho": -74.1141137535678,
    "wage_markup_rho": 66.15910746660187,
    "technology_sigma": 7.01673812916936,
    "preference_sigma": 263.46429182332156,
    "investment_sigma": 107.27891809804093,
    "government_sigma": 146.77333564988646,
    "monetary_sigma": -63.51494949735583,
    "price_markup_sigma": -84.11360375681213,
    "wage_markup_sigma": 131.7661777180544
  }
}